{
    "ahmedabad": {
        "LAT": 23.0215374,
        "LON": 72.5800568
    },
    "bangalore": {
        "LAT": 12.9767936,
        "LON": 77.590082
    },
    "chennai": {
        "LAT": 13.0836939,
        "LON": 80.270186
    },
    "delhi": {
        "LAT": 28.6328027,
        "LON": 77.2197713
    },
    "hyderabad": {
        "LAT": 17.360589,
        "LON": 78.4740613
    },
    "jaipur": {
        "LAT": 26.9154576,
        "LON": 75.8189817
    },
    "kolkata": {
        "LAT": 22.5726459,
        "LON": 88.3638953
    },
    "lucknow": {
        "LAT": 26.8381,
        "LON": 80.9346001
    },
    "mumbai": {
        "LAT": 19.054999,
        "LON": 72.8692035
    },
    "pune": {
        "LAT": 18.5213738,
        "LON": 73.8545071
    }
}